종목명,현재가,기준월,배당금,수익률(%),배당성향(%)
베트남개발1,280,20.02,90,31.99,-
4
199
90
동양고속,"26,550",19.12,"4,700",17.70,38.41
"1,000"
635
153
두산우,"38,800",19.12,"5,250",13.53,23.78
"5,250"
"5,150"
"5,150"
웅진씽크빅,"2,640",19.12,310,11.76,-29.05
0
122
0
대동전자,"4,480",20.03,500,11.16,97.78
0
0
0
한국ANKOR유전,"1,660",19.12,185,11.15,-
215
265
295
두산,"46,850",19.12,"5,200",11.10,23.78
"5,200"
"5,100"
"5,100"
대신증권우,"9,760",19.12,"1,050",10.76,72.88
670
660
600
대신증권2우B,"9,360",19.12,"1,000",10.68,72.88
620
610
550
AJ네트웍스,"3,245",19.12,300,9.24,30.56
100
86
60
한국패러랠,"1,920",19.12,165,8.59,-
200
205
80
세아특수강,"10,600",19.12,900,8.49,69.02
900
750
750
현대중공업지주,"218,000",19.12,"18,500",8.49,156.15
"18,500"
0
-
기업은행,"8,010",19.12,670,8.36,23.83
690
617
480
대신증권,"12,050",19.12,"1,000",8.30,72.88
620
610
550
우리금융지주,"8,580",19.12,700,8.16,27.00
-
-
-
천일고속,"65,000",19.12,"5,000",7.69,648.34
"6,000"
"15,300"
"8,000"
금호산업,"6,620",19.12,500,7.55,150.62
500
500
300
유성기업,"2,660",19.12,200,7.52,29.50
100
120
120
동양생명,"3,065",19.12,230,7.50,31.11
100
360
200
아이마켓코리아,"8,020",19.12,600,7.48,121.70
450
350
450
하나금융지주,"28,100",19.12,"2,100",7.47,25.78
"1,900"
"1,550"
"1,050"
DGB금융지주,"5,490",19.12,410,7.47,21.18
360
340
300
태경산업,"5,040",19.12,370,7.34,51.77
220
200
200
쌍용양회,"5,870",19.12,420,7.16,161.94
370
214
32
대교우B,"2,530",19.12,180,7.11,87.81
220
250
250
BNK금융지주,"5,060",19.12,360,7.11,20.87
300
230
230
한전KPS,"27,050",19.12,"1,920",7.10,56.35
"1,790"
"1,470"
680
제이에스코퍼레이션,"7,060",19.12,500,7.08,77.40
450
300
250
NH투자증권우,"7,930",19.12,550,6.94,31.70
550
550
450
GS우,"28,250",19.12,"1,950",6.90,33.08
"1,950"
"1,850"
"1,650"
효성,"73,000",19.12,"5,000",6.85,98.04
"5,000"
"5,000"
"5,000"
한국쉘석유,"236,000",19.12,"16,000",6.78,98.92
"19,000"
"17,000"
"19,000"
코리안리,"7,450",19.12,500,6.71,30.44
275
300
325
신한지주,"27,600",19.12,"1,850",6.70,25.97
"1,600"
"1,450"
"1,450"
디티알오토모티브,"22,450",19.12,"1,500",6.68,19.90
"1,000"
700
350
SJM홀딩스,"2,620",19.12,175,6.68,48.20
150
200
200
JB금융지주,"4,520",19.12,300,6.64,17.05
180
100
50
메리츠화재,"12,850",19.12,850,6.61,31.54
820
"1,140"
830
코리아오토글라스,"13,850",19.12,900,6.50,54.50
800
700
400
부국증권우,"19,250",19.12,"1,250",6.49,39.42
"1,250"
"1,250"
"1,250"
한전산업,"3,500",19.12,227,6.49,42.78
169
198
218
태림포장,"4,485",19.09,290,6.47,107.38
233
8
8
한라홀딩스,"31,050",19.12,"2,000",6.44,51.01
"2,000"
"1,350"
"1,250"
DB금융투자,"3,885",19.12,250,6.43,21.34
250
100
0
동부건설,"10,900",19.12,700,6.42,25.82
300
0
0
맥쿼리인프라,"11,000",19.12,700,6.36,-
622
250
400
한국토지신탁,"1,760",19.12,110,6.25,24.30
110
100
75
메리츠증권,"3,245",19.12,200,6.16,24.73
200
200
200
교보증권,"6,510",19.12,400,6.14,16.73
350
300
170
삼성화재우,"138,500",19.12,"8,505",6.14,56.20
"11,505"
"10,005"
"6,105"
GS,"31,000",19.12,"1,900",6.13,33.08
"1,900"
"1,800"
"1,600"
진양홀딩스,"2,775",19.12,170,6.13,61.59
150
140
140
두산2우B,"85,000",19.12,"5,200",6.12,23.78
"5,200"
"5,100"
"5,100"
메리츠금융지주,"9,110",19.12,550,6.04,18.61
470
520
300
맵스리얼티1,"4,095",19.12,247,6.03,-
212
226
214
KTB투자증권,"2,510",19.12,150,5.98,58.50
0
0
0
현대차증권,"10,100",19.12,600,5.94,29.98
450
400
400
지투알,"5,050",19.12,300,5.94,31.87
250
250
250
미래에셋대우2우B,"4,390",19.12,260,5.92,27.63
220
0
0
KPX홀딩스,"44,000",19.12,"2,600",5.91,30.93
"2,600"
"3,850"
"2,100"
KB금융,"37,550",19.12,"2,210",5.89,26.00
"1,920"
"1,920"
"1,250"
부국증권,"20,400",19.12,"1,200",5.88,39.42
"1,200"
"1,200"
"1,200"
S&T중공업,"5,150",19.12,300,5.82,48.22
195
0
0
한화3우B,"12,900",19.12,750,5.81,72.88
595
646
680
한일시멘트,"82,000",19.12,"4,700",5.73,48.10
"4,500"
-
-
미래에셋대우우,"5,030",19.12,286,5.69,27.63
242
242
55
무림P&P,"3,080",19.12,175,5.68,108.01
250
150
125
대현,"1,760",19.12,100,5.68,26.61
80
50
50
삼성카드,"28,200",19.12,"1,600",5.67,49.62
"1,600"
"1,500"
"1,500"
모두투어리츠,"2,980",19.12,168,5.64,48.23
82
76
109
삼성증권,"30,600",19.12,"1,700",5.56,38.74
"1,400"
"1,000"
630
에이리츠,"7,490",19.12,415,5.54,19.99
308
96
592
조선내화,"73,100",19.12,"4,000",5.47,53.38
"4,000"
"3,500"
"3,500"
NH투자증권,"9,140",19.12,500,5.47,31.70
500
500
400
유화증권우,"2,380",19.12,130,5.46,120.82
160
130
180
풍산홀딩스,"25,700",19.12,"1,400",5.45,37.88
"1,700"
"1,800"
"1,400"
신영증권우,"47,000",20.03,"2,550",5.43,105.12
"2,800"
"2,800"
"2,500"
유화증권,"2,230",19.12,120,5.38,120.82
150
120
170
오리온홀딩스,"12,150",19.12,650,5.35,47.78
650
600
600
신영증권,"46,800",20.03,"2,500",5.34,105.12
"2,750"
"2,750"
"2,450"
KT&G,"82,400",19.12,"4,400",5.34,53.74
"4,000"
"4,000"
"3,600"
GKL,"12,400",19.12,659,5.32,56.31
710
730
"1,000"
S&TC,"15,100",19.12,800,5.30,37.24
0
0
0
KPX케미칼,"47,400",19.12,"2,500",5.27,29.17
"2,000"
"2,000"
"2,000"
대한제당우,"13,300",19.12,700,5.26,42.15
575
575
675
아주캐피탈,"12,400",19.12,650,5.24,36.05
480
"1,653"
350
신라교역,"9,550",19.12,500,5.24,77.58
500
500
250
포스코인터내셔널,"13,400",19.12,700,5.22,41.24
600
500
500
동아타이어,"9,580",19.12,500,5.22,27.79
300
0
-
한일홀딩스,"44,150",19.12,"2,300",5.21,99.83
"2,200"
"1,800"
"1,600"
현대차3우B,"79,300",19.12,"4,050",5.11,35.35
"4,050"
"4,050"
"4,050"
POSCO,"196,000",19.12,"10,000",5.10,43.66
"10,000"
"8,000"
"8,000"
애경유화,"6,940",19.12,350,5.04,36.21
350
350
300
극동유화,"3,185",19.12,160,5.02,37.53
160
160
115
인천도시가스,"24,950",19.12,"1,250",5.01,48.12
"1,250"
"1,250"
"1,250"
한국자산신탁,"3,650",19.12,182,4.99,24.83
166
151
137
예스코홀딩스,"35,300",19.12,"1,750",4.96,37.95
"1,500"
"1,500"
"1,500"
동성코퍼레이션,"4,085",19.12,200,4.90,156.15
200
200
200
대덕,"6,160",19.12,300,4.87,32.33
300
300
300
SJM,"2,570",19.12,125,4.86,28.54
100
130
200
E1,"45,300",19.12,"2,200",4.86,-29.47
"2,000"
"2,000"
"2,000"
휴켐스,"20,600",19.12,"1,000",4.85,54.54
"1,200"
"1,500"
500
롯데쇼핑,"78,500",19.12,"3,800",4.84,-11.81
"5,200"
"5,200"
"2,000"
삼호개발,"3,950",19.12,190,4.81,20.92
160
160
130
현대차우,"84,400",19.12,"4,050",4.80,35.35
"4,050"
"4,050"
"4,050"
롯데칠성우,"56,400",19.12,"2,705",4.80,-15.57
"2,705"
"3,305"
"1,005"
KT,"22,950",19.12,"1,100",4.79,43.57
"1,100"
"1,000"
800
진양산업,"4,185",19.12,200,4.78,38.11
100
125
175
한국금융지주우,"62,000",19.12,"2,962",4.78,20.08
"1,862"
"1,662"
862
삼원강재,"2,410",19.12,115,4.77,43.96
115
115
125
넥센타이어1우B,"2,310",19.12,110,4.76,9.14
105
105
105
NPC우,"2,205",19.12,105,4.76,29.30
100
95
85
경동도시가스,"18,600",19.12,875,4.70,21.00
700
600
-
현대코퍼레이션홀딩스,"10,650",19.12,500,4.70,42.26
500
500
400
삼성화재,"182,000",19.12,"8,500",4.67,56.20
"11,500"
"10,000"
"6,100"
대성에너지,"5,360",19.12,250,4.66,52.75
250
250
250
현대차2우B,"88,200",19.12,"4,100",4.65,35.35
"4,100"
"4,100"
"4,100"
코오롱인더우,"20,450",19.12,950,4.64,82.84
950
"1,150"
"1,150"
텔코웨어,"11,850",19.12,550,4.64,72.25
650
580
500
MH에탄올,"7,550",19.12,350,4.64,-433.82
350
350
300
디씨엠,"10,850",19.12,500,4.61,19.79
250
460
400
신도리코,"21,700",19.12,"1,000",4.61,67.87
"1,600"
"1,650"
"1,500"
휴스틸,"6,680",19.12,300,4.49,-18.23
400
500
500
평화홀딩스,"3,340",19.12,150,4.49,-15.08
150
150
150
한세예스24홀딩스,"5,570",19.12,250,4.49,48.71
220
220
160
두산밥캣,"26,900",19.12,"1,200",4.46,44.21
900
800
700
미래에셋생명,"3,835",19.12,170,4.43,35.20
170
170
55
노루홀딩스,"9,120",19.12,400,4.39,91.14
450
450
450
대교,"3,900",19.12,170,4.36,87.81
210
240
240
LG우,"51,800",19.12,"2,250",4.34,35.82
"2,050"
"1,350"
"1,350"
삼성생명,"61,000",19.12,"2,650",4.34,48.69
"2,650"
"2,000"
"1,200"
한솔제지,"13,950",19.12,600,4.30,35.65
600
600
700
삼양홀딩스우,"47,800",19.12,"2,050",4.29,50.19
"2,050"
"2,050"
"2,050"
AK홀딩스,"17,550",19.12,750,4.27,34.60
750
650
550
한국철강,"4,695",19.12,200,4.26,48.24
200
180
180
그린케미칼,"3,805",19.12,162,4.25,68.31
133
342
133
대덕1우,"7,240",19.12,305,4.21,32.33
305
0
0
SK텔레콤,"238,000",19.12,"10,000",4.20,82.04
"10,000"
"10,000"
"10,000"
강원랜드,"21,500",19.12,900,4.19,54.52
900
990
990
이수화학,"8,670",19.12,362,4.18,-79.05
362
453
453
한양증권,"8,400",19.12,350,4.17,20.96
250
350
350
화성산업,"12,000",19.12,500,4.17,78.92
930
890
680
현대상사,"14,400",19.12,600,4.17,46.44
600
600
500
CJ우,"45,850",19.12,"1,900",4.14,23.26
523
523
488
GS건설,"24,150",19.12,"1,000",4.14,17.91
"1,000"
300
0
상신브레이크,"2,445",19.12,100,4.09,47.72
100
170
160
화천기공,"30,600",19.12,"1,250",4.09,36.89
"1,250"
"1,250"
"1,250"
기신정기,"3,685",20.03,150,4.07,50.42
150
150
150
효성화학,"124,000",19.12,"5,000",4.03,18.09
"1,000"
-
-
롯데푸드,"299,500",19.12,"12,000",4.01,29.10
"15,000"
"22,000"
"6,000"
동방아그로,"6,240",19.12,250,4.01,45.40
250
250
250
조흥,"150,000",19.12,"6,000",4.00,45.89
"6,000"
"6,000"
"5,000"
KTcs,"2,000",19.12,80,4.00,45.01
90
80
80
한국금융지주,"72,500",19.12,"2,900",4.00,20.08
"1,800"
"1,600"
800
현대해상,"22,350",19.12,880,3.94,26.07
"1,130"
"1,500"
"1,350"
노루페인트,"7,010",19.12,275,3.92,29.79
250
250
200
제일기획,"20,950",19.12,820,3.91,60.16
770
760
300
동성화학,"15,500",19.12,600,3.87,23.84
500
300
500
조광페인트,"5,180",19.12,200,3.86,-90.79
100
250
400
롯데지주,"28,600",19.12,"1,100",3.85,-21.89
800
0
452
삼천리,"78,300",19.12,"3,000",3.83,28.26
"3,000"
"3,000"
"2,500"
HDC아이콘트롤스,"9,140",19.12,350,3.83,-97.70
350
250
150
비상교육,"6,540",19.12,250,3.82,27.15
200
350
330
KTis,"2,370",19.12,90,3.80,33.08
80
80
80
한일현대시멘트,"26,350",19.12,"1,000",3.80,40.71
800
0
0
KCC,"146,000",19.12,"5,500",3.77,-24.30
"9,000"
"9,000"
"9,000"
신세계건설,"21,250",19.12,800,3.77,18.27
750
750
500
진도,"2,660",19.12,100,3.76,-45.64
150
270
200
스카이라이프,"9,320",19.12,350,3.76,30.51
350
350
415
금호석유우,"41,500",19.12,"1,550",3.73,13.87
"1,400"
"1,050"
850
LF,"13,400",19.12,500,3.73,21.61
500
500
500
대한제당,"18,100",19.12,675,3.73,42.15
550
550
650
고려아연,"376,500",19.12,"14,000",3.72,39.09
"11,000"
"10,000"
"8,500"
삼익악기,"1,345",19.12,50,3.72,30.60
50
50
50
동양,"1,085",19.12,40,3.69,"-2,094.47"
50
50
50
삼양패키징,"20,350",19.12,750,3.69,37.55
500
0
0
코오롱우,"15,100",19.12,550,3.64,-40.51
550
550
550
디와이,"4,150",19.12,150,3.61,23.20
150
120
140
세아제강지주,"41,900",19.12,"1,500",3.58,-197.27
"1,800"
"1,800"
"1,750"
대상우,"17,150",19.12,610,3.56,20.17
560
510
410
하이트진로2우B,"21,300",19.12,750,3.52,-115.48
850
850
950
퍼시스,"28,600",19.12,"1,000",3.50,27.77
"1,000"
800
700
새론오토모티브,"4,015",19.12,140,3.49,-32.31
150
150
190
LG유플러스,"11,500",19.12,400,3.48,39.80
400
400
350
삼화왕관,"38,850",19.12,"1,350",3.47,29.69
"1,350"
"1,400"
"1,350"
S&T홀딩스,"14,450",19.12,500,3.46,12.12
400
194
340
롯데정밀화학,"49,650",19.12,"1,700",3.42,25.72
"1,700"
800
300
롯데케미칼,"196,500",19.12,"6,700",3.41,32.12
"10,500"
"10,500"
"4,000"
대창단조,"32,350",19.12,"1,100",3.40,20.73
700
700
910
국도화학,"44,300",19.12,"1,500",3.39,24.12
"1,500"
"1,500"
"1,200"
대림통상,"4,145",19.12,140,3.38,-18.30
150
150
150
한국수출포장,"17,950",19.12,600,3.34,13.32
600
500
500
우진아이엔에스,"7,490",19.12,250,3.34,88.09
400
400
350
미창석유,"60,200",19.12,"2,000",3.32,17.28
"1,600"
"1,700"
"2,200"
DB손해보험,"45,200",19.12,"1,500",3.32,25.14
"2,000"
"2,300"
"1,650"
한국공항,"30,200",19.12,"1,000",3.31,18.80
"1,000"
500
500
제주은행,"3,020",19.12,100,3.31,11.50
100
99
99
이리츠코크렙,"5,290",20.06,175,3.31,163.67
175
293
196
대림산업우,"40,900",19.12,"1,350",3.30,7.57
"1,750"
"1,050"
350
롯데하이마트,"30,300",19.12,"1,000",3.30,-23.63
"1,700"
"1,850"
500
제일연마,"6,670",19.12,220,3.30,25.79
200
180
160
도화엔지니어링,"7,630",19.12,250,3.28,48.20
220
190
170
강남제비스코,"15,300",19.12,500,3.27,22.23
550
550
500
성보화학,"4,160",19.12,135,3.24,-93.38
210
572
440
진양폴리,"3,090",19.12,100,3.24,13.24
0
0
0
율촌화학,"15,550",19.12,500,3.21,68.09
500
500
500
세아홀딩스,"70,500",19.12,"2,250",3.19,29.19
"2,500"
"2,000"
"1,750"
NPC,"3,150",19.12,100,3.17,29.30
95
90
80
CJ4우(전환),"58,800",19.12,"1,850",3.15,23.26
0
0
0
케이탑리츠,778,19.12,24,3.13,20.72
19
19
18
삼양홀딩스,"64,000",19.12,"2,000",3.12,50.19
"2,000"
"2,000"
"2,000"
삼영전자,"8,040",19.12,250,3.11,58.45
250
250
200
세아베스틸,"9,760",19.12,300,3.07,62.06
850
900
800
미래에셋대우,"8,480",19.12,260,3.07,27.63
220
220
50
SK가스,"97,300",19.12,"2,971",3.05,16.71
"2,943"
"2,526"
"2,502"
현대제철,"24,600",19.12,750,3.05,575.59
750
750
750
호전실업,"8,200",19.12,250,3.05,72.15
250
150
0
쿠쿠홀딩스,"99,000",19.12,"3,000",3.03,23.48
"3,000"
"4,100"
"3,100"
코웨이,"79,300",19.03,"2,400",3.03,52.05
"3,600"
"3,200"
"3,200"
크라운제과,"8,290",19.12,250,3.02,17.55
250
250
-
세방우,"6,000",19.12,180,3.00,72.68
180
180
180
롯데칠성,"90,000",19.12,"2,700",3.00,-15.57
"2,700"
"3,300"
"1,000"
대한제강,"6,700",19.12,200,2.98,14.92
150
300
330
금비,"57,200",19.09,"1,700",2.97,21.02
"1,700"
"1,500"
"1,800"
LG,"74,100",19.12,"2,200",2.97,35.82
"2,000"
"1,300"
"1,300"
NH프라임리츠,"4,285",20.05,127,2.96,94.80
-
-
-
태경비케이,"3,395",19.12,100,2.95,67.73
100
100
100
KSS해운,"9,200",19.12,270,2.93,26.13
230
230
170
계룡건설,"20,900",19.12,600,2.87,7.43
500
0
0
넥센우,"2,965",19.12,85,2.87,7.61
80
80
80
에스원,"87,500",19.12,"2,500",2.86,57.64
"2,500"
"2,500"
"1,250"
현대그린푸드,"7,420",19.12,210,2.83,33.46
210
80
60
에스엘,"14,150",19.12,400,2.83,21.65
400
400
260
포스코강판,"14,150",19.12,400,2.83,89.59
500
750
"1,000"
영흥,"1,065",19.12,30,2.82,151.86
10
10
30
대원강업,"4,085",19.12,115,2.82,44.49
115
115
125
이노션,"53,300",19.12,"1,500",2.81,40.75
"1,500"
"1,000"
950
삼성전자우,"50,500",19.12,"1,417",2.81,44.73
"1,417"
851
571
현대홈쇼핑,"71,300",19.12,"2,000",2.81,27.20
"1,900"
"1,700"
"1,500"
가온전선,"21,550",19.12,600,2.78,43.16
600
600
600
한화,"25,150",19.12,700,2.78,72.88
700
600
600
한세실업,"18,000",19.12,500,2.78,"-7,871.26"
450
450
330
삼진제약,"28,850",19.12,800,2.77,87.23
800
800
700
LS,"52,500",19.12,"1,450",2.76,158.94
"1,250"
"1,250"
"1,250"
영보화학,"3,620",19.12,100,2.76,38.08
100
100
100
S&T모티브,"50,800",19.12,"1,400",2.76,799.30
"1,200"
"1,000"
"1,000"
한화시스템,"11,400",19.12,310,2.72,46.88
155
"1,800"
0
동부건설우,"27,600",19.12,750,2.72,25.82
350
0
0
영원무역홀딩스,"36,950",19.12,"1,000",2.71,9.59
800
600
500
BGF,"4,080",19.12,110,2.70,39.18
35
200
800
유니드,"44,650",19.12,"1,200",2.69,15.79
"1,100"
"1,100"
"1,100"
농심홀딩스,"74,400",19.12,"2,000",2.69,25.36
"2,000"
"2,000"
"2,000"
우진,"3,730",19.12,100,2.68,-17.02
0
0
220
한신공영,"13,150",19.12,350,2.66,5.64
375
375
250
고려제강,"13,250",19.12,350,2.64,70.11
350
315
315
JW생명과학,"19,000",19.12,500,2.63,36.09
500
500
300
대림B&Co,"4,970",19.12,130,2.62,97.46
150
150
130
SK우,"194,500",19.12,"5,050",2.60,37.35
"5,050"
"4,050"
"3,750"
한온시스템,"12,350",19.12,320,2.59,53.63
320
305
225
까뮤이앤씨,"1,160",19.12,30,2.59,9.85
20
20
15
아세아시멘트,"58,200",19.12,"1,500",2.58,20.95
"1,500"
"1,494"
"1,494"
LS전선아시아,"7,030",19.12,180,2.56,34.40
160
160
150
하나투어,"39,200",19.12,"1,000",2.55,-137.86
"1,300"
"1,500"
"1,500"
삼화페인트,"4,925",19.12,125,2.54,74.95
125
175
300
신풍제지,"2,370",19.12,60,2.53,8.47
80
0
0
모토닉,"11,850",19.12,300,2.53,58.14
300
350
250
SK이노베이션우,"120,500",19.12,"3,050",2.53,-740.62
"8,050"
"8,050"
"6,450"
이건산업,"7,920",19.12,200,2.53,274.15
200
250
150
SK네트웍스,"4,755",19.12,120,2.52,-21.96
120
120
100
SIMPAC,"2,380",19.12,60,2.52,38.29
60
80
100
한국프랜지,"1,985",19.12,50,2.52,13.41
0
0
50
SK,"198,500",19.12,"5,000",2.52,37.35
"5,000"
"4,000"
"3,700"
세아제강,"79,800",19.12,"2,000",2.51,22.83
"1,800"
-
-
한양증권우,"16,000",19.12,400,2.50,20.96
300
400
400
인팩,"4,800",19.12,120,2.50,-19.45
130
130
150
아모레G3우(전환),"33,400",19.12,834,2.50,22.98
0
0
0
크라운제과우,"10,100",19.12,252,2.49,17.55
252
252
-
티에이치엔,"2,415",19.12,60,2.48,6.26
50
50
55
서연이화,"4,040",19.12,100,2.47,-5.81
100
150
150
하이트진로홀딩스우,"16,200",19.12,400,2.47,-35.86
250
200
250
빙그레,"59,000",19.12,"1,450",2.46,31.22
"1,350"
"1,250"
"1,250"
기아차,"46,900",19.12,"1,150",2.45,25.24
900
800
"1,100"
아시아나IDT,"20,400",19.12,500,2.45,-68.93
500
500
0
한미글로벌,"8,170",19.12,200,2.45,8.93
200
250
300
삼영무역,"13,650",19.12,334,2.44,16.80
268
245
245
대상홀딩스우,"8,590",19.12,210,2.44,10.29
200
190
180
삼성전자,"58,200",19.12,"1,416",2.43,44.73
"1,416"
850
570
현대글로비스,"144,000",19.12,"3,500",2.43,26.13
"3,300"
"3,000"
"3,000"
아세아제지,"24,800",19.12,600,2.42,8.75
750
450
500
KISCO홀딩스,"11,700",19.12,280,2.39,9.62
280
250
180
한국주철관,"8,360",20.03,200,2.39,34.21
200
200
200
한국종합기술,"4,180",19.12,100,2.39,-30.79
100
100
100
코오롱인더,"37,750",19.12,900,2.38,82.84
900
"1,100"
"1,100"
코오롱,"21,000",19.12,500,2.38,-40.51
500
500
500
동서,"29,650",19.12,700,2.36,50.44
700
700
670
LG전자우,"33,950",19.12,800,2.36,434.42
800
450
450
광전자,"2,150",19.12,50,2.33,74.21
50
50
0
노루홀딩스우,"17,450",19.12,405,2.32,91.14
455
455
455
두올,"3,450",19.12,80,2.32,21.49
80
67
77
아세아,"75,800",19.12,"1,750",2.31,6.90
"1,750"
"1,500"
"1,500"
대상,"26,000",19.12,600,2.31,20.17
550
500
400
NI스틸,"2,175",19.12,50,2.30,22.28
50
50
50
CJ,"81,200",19.12,"1,850",2.28,23.26
"1,450"
"1,450"
"1,350"
삼광글라스,"44,000",19.12,"1,000",2.27,"-2,251.87"
750
350
750
신송홀딩스,"3,525",19.12,80,2.27,-2.75
0
0
80
한농화성,"6,610",19.12,150,2.27,22.99
120
140
110
CJ제일제당 우,"157,000",19.12,"3,550",2.26,36.81
"3,550"
"3,050"
"2,550"
서울가스,"77,600",19.12,"1,750",2.26,23.30
"1,750"
"1,750"
"1,750"
HDC현대EP,"5,330",19.12,120,2.25,26.33
60
120
140
현대차,"178,500",19.12,"4,000",2.24,35.35
"4,000"
"4,000"
"4,000"
GS리테일,"33,500",19.12,750,2.24,43.38
650
600
"1,100"
삼양사우,"46,900",19.12,"1,050",2.24,29.66
"1,550"
"1,300"
"1,550"
백산,"4,470",19.12,100,2.24,34.68
100
100
90
WISCOM,"2,240",19.12,50,2.23,71.22
0
0
98
광주신세계,"157,000",19.12,"3,500",2.23,11.68
"3,000"
"1,250"
"1,250"
쌍용양회우,"19,350",19.12,430,2.22,161.94
380
224
42
애경산업,"20,350",19.12,450,2.21,28.54
450
350
200
백광산업,"3,405",19.12,75,2.20,20.10
50
25
0
신흥,"9,120",19.12,200,2.19,56.03
200
200
200
BGF리테일,"123,500",19.12,"2,700",2.19,30.81
"2,680"
"1,000"
-
성신양회,"6,910",19.12,150,2.17,21.59
150
0
0
SK이노베이션,"139,000",19.12,"3,000",2.16,-740.62
"8,000"
"8,000"
"6,400"
신한알파리츠,"6,870",20.03,148,2.16,152.02
112
0
-
일신방직,"69,700",19.12,"1,500",2.15,48.46
"2,000"
"1,500"
"2,800"
태원물산,"3,960",19.12,85,2.15,115.72
70
80
100
동원시스템즈,"23,400",19.12,500,2.14,33.69
500
500
250
삼성물산우B,"96,100",19.12,"2,050",2.13,31.42
"2,050"
"2,050"
600
영풍,"469,000",19.12,"10,000",2.13,7.38
"10,000"
"10,000"
"10,000"
LS ELECTRIC,"56,500",19.12,"1,200",2.12,33.88
"1,200"
"1,100"
800
무림페이퍼,"2,365",19.12,50,2.11,-21.64
50
25
0
한국테크놀로지그룹,"16,750",19.12,350,2.09,21.21
300
300
300
방림,"1,925",19.09,40,2.08,27.71
58
52
38
한솔로지스틱스,"1,935",19.12,40,2.07,18.60
30
24
16
노루페인트우,"13,550",19.12,280,2.07,29.79
255
255
205
하이트진로홀딩스,"16,950",19.12,350,2.07,-35.86
200
150
200
HDC현대산업개발,"21,250",19.12,438,2.06,5.31
438
-
-
동양피스톤,"5,880",19.12,120,2.04,15.62
120
100
0
넥센,"3,935",19.12,80,2.03,7.61
75
75
75
금강공업,"3,975",19.12,80,2.01,-20.11
100
100
100
키움증권,"99,500",19.12,"2,000",2.01,15.92
"1,500"
"1,300"
850
대상홀딩스,"9,980",19.12,200,2.00,10.29
190
180
170
롯데정보통신,"35,150",19.12,700,1.99,19.40
650
0
-
환인제약,"15,100",19.12,300,1.99,24.50
300
300
250
부산가스,"50,400",19.12,"1,000",1.98,20.44
500
500
500
일진홀딩스,"5,040",19.12,100,1.98,36.49
70
0
30
현대건설,"30,450",19.12,600,1.97,16.41
500
500
500
휴비스,"7,620",19.12,150,1.97,"-1,753.18"
300
300
300
한화생명,"1,525",19.12,30,1.97,22.45
100
140
80
넥센타이어,"5,350",19.12,105,1.96,9.14
100
100
100
LG상사,"15,450",19.12,300,1.94,40.59
250
250
250
유진투자증권,"3,610",19.12,70,1.94,16.40
60
0
0
효성ITX,"25,800",19.12,500,1.94,55.68
500
500
200
이구산업,"1,550",19.12,30,1.93,-29.86
0
80
50
LG헬로비전,"3,875",19.12,75,1.93,-6.16
75
75
75
하이트진로,"36,250",19.12,700,1.93,-115.48
800
800
900
코오롱글로벌,"18,300",19.12,350,1.91,18.23
100
150
150
롯데지주우,"60,200",19.12,"1,150",1.91,-21.89
850
0
0
동원시스템즈우,"28,850",19.12,550,1.91,33.69
550
550
300
삼성물산,"105,000",19.12,"2,000",1.90,31.42
"2,000"
"2,000"
550
하나제약,"24,150",19.12,460,1.90,25.56
280
248
105
한전기술,"16,300",19.12,310,1.90,44.68
140
220
110
문배철강,"2,640",19.12,50,1.89,41.30
50
50
50
HDC,"10,600",19.12,200,1.89,4.48
150
"1,000"
700
삼성전기우,"61,200",19.12,"1,150",1.88,16.19
"1,050"
800
550
LIG넥스원,"32,150",19.12,600,1.87,414.40
500
500
940
다우기술,"21,450",19.12,400,1.87,9.34
350
300
250
경동인베스트,"26,850",19.12,500,1.86,12.40
500
500
"1,250"
KCTC,"2,425",19.12,45,1.86,18.86
45
35
35
롯데리츠,"5,180",19.12,96,1.85,156.76
-
-
-
디와이파워,"10,800",19.12,200,1.85,11.57
200
180
120
삼양사,"54,400",19.12,"1,000",1.84,29.66
"1,500"
"1,250"
"1,500"
세방전지,"27,600",19.12,500,1.81,8.77
500
400
350
SPC삼립,"61,000",19.12,"1,104",1.81,29.22
"1,004"
956
956
세방,"9,700",19.12,175,1.80,72.68
175
175
175
미원에스씨,"94,700",19.12,"1,700",1.79,22.63
"1,200"
500
-
핸즈코퍼레이션,"7,280",19.12,130,1.79,30.69
100
100
178
현대백화점,"56,300",19.12,"1,000",1.78,11.50
900
800
700
태경케미컬,"8,460",19.12,150,1.77,17.46
150
150
150
해성디에스,"19,800",19.12,350,1.77,32.46
300
300
250
현대에이치씨엔,"3,395",19.12,60,1.77,17.49
60
50
40
태평양물산,"1,700",19.12,30,1.76,12.45
20
0
0
화신,"2,840",19.12,50,1.76,24.79
25
50
100
한국항공우주,"22,800",19.12,400,1.75,22.88
200
0
680
동원F&B,"171,000",19.12,"3,000",1.75,17.63
"3,000"
"2,500"
"2,500"
미원화학,"57,200",19.12,"1,000",1.75,14.95
"1,000"
"1,000"
"1,000"
한국타이어앤테크놀로지,"31,500",19.12,550,1.75,16.24
450
400
400
KG케미칼,"20,100",19.12,350,1.74,4.66
350
350
350
현대모비스,"230,000",19.12,"4,000",1.74,16.37
"4,000"
"3,500"
"3,500"
아모레퍼시픽우,"57,900",19.12,"1,005",1.74,28.71
"1,185"
"1,285"
"1,585"
현대위아,"40,500",19.12,700,1.73,33.68
600
600
"1,100"
코오롱플라스틱,"4,075",19.12,70,1.72,48.95
120
120
100
아이에스동서,"40,850",19.12,700,1.71,32.70
"1,200"
"1,100"
"1,000"
한솔PNS,"1,475",19.12,25,1.70,16.23
15
15
15
DI동일,"87,100",19.12,"1,473",1.69,21.40
"1,447"
474
465
금호산업우,"32,650",19.12,550,1.68,150.62
550
550
350
해태제과식품,"8,900",19.12,150,1.68,-11.46
150
150
150
풍산,"23,800",19.12,400,1.68,63.60
600
800
700
대림산업,"77,400",19.12,"1,300",1.68,7.57
"1,700"
"1,000"
300
대림건설,"24,050",19.12,400,1.66,6.38
250
0
0
경농,"13,450",19.12,220,1.64,86.59
250
295
265
일성건설,927,19.12,15,1.62,43.66
0
0
20
삼양통상,"61,900",19.12,"1,000",1.62,6.46
750
750
750
KC그린홀딩스,"3,720",19.12,60,1.61,16.25
80
110
100
이연제약,"22,000",19.12,350,1.59,97.36
500
350
269
아모레G우,"19,400",19.12,305,1.57,22.98
315
365
465
신영와코루,"95,500",19.12,"1,500",1.57,35.40
"1,500"
"1,500"
"2,500"
LG생활건강우,"708,000",19.12,"11,050",1.56,23.70
"9,300"
"9,050"
"7,550"
한국단자,"44,950",19.12,700,1.56,22.86
700
700
700
효성티앤씨,"128,500",19.12,"2,000",1.56,9.27
"1,000"
-
-
한국석유,"96,700",19.12,"1,500",1.55,-12.35
"1,500"
"2,000"
"1,500"
만도,"35,650",19.12,550,1.54,23.30
500
200
"1,000"
한국가스공사,"24,650",19.12,380,1.54,85.91
"1,360"
0
0
DRB동일,"6,500",19.12,100,1.54,21.71
108
95
74
조선선재,"97,900",19.12,"1,500",1.53,12.43
"1,500"
"1,500"
"1,500"
태영건설,"9,890",19.12,150,1.52,11.70
125
90
0
지누스,"82,900",19.12,"1,250",1.51,13.87
0
0
0
JW홀딩스,"5,800",19.12,87,1.51,-17.33
81
70
70
대한유화,"166,500",19.12,"2,500",1.50,14.52
"4,000"
"4,000"
"4,000"
한섬,"30,250",19.12,450,1.49,11.60
400
350
300
신세계 I&C,"134,500",19.12,"2,000",1.49,30.71
"1,500"
"1,000"
"1,000"
현대엘리베이,"40,750",19.12,600,1.47,50.46
600
333
333
원림,"17,050",19.12,250,1.47,16.52
0
250
500
SK디앤디,"41,400",19.12,600,1.45,25.37
600
600
353
부국철강,"5,190",19.12,75,1.45,81.59
75
75
75
영원무역,"27,700",19.12,400,1.44,10.55
350
300
250
유유제약1우,"15,250",19.12,220,1.44,32.18
210
200
190
황금에스티,"6,990",19.12,100,1.43,5.57
50
100
75
신세계푸드,"52,500",19.12,750,1.43,66.72
750
750
600
삼성에스디에스,"169,500",19.12,"2,400",1.42,25.21
"2,000"
"2,000"
750
SK디스커버리우,"53,000",19.12,750,1.41,7.95
650
800
400
이마트,"141,500",19.12,"2,000",1.41,23.06
"2,000"
"1,750"
"1,500"
삼익THK,"10,700",19.12,150,1.40,95.09
300
400
330
녹십자홀딩스,"23,300",19.12,325,1.39,498.97
250
300
300
SK증권,722,19.12,10,1.38,14.96
10
0
0
동아지질,"14,600",19.12,200,1.37,11.87
200
200
200
금호석유,"110,000",19.12,"1,500",1.36,13.87
"1,350"
"1,000"
800
유니온머티리얼,"3,670",19.12,50,1.36,90.27
35
50
35
현대비앤지스틸,"7,380",19.12,100,1.36,7.00
100
100
100
만호제강,"14,800",20.06,200,1.35,47.84
200
150
150
쿠쿠홈시스,"41,500",19.12,560,1.35,4.75
560
0
-
한익스프레스,"5,220",19.12,70,1.34,14.63
60
80
70
한화우,"56,000",19.12,750,1.34,72.88
750
650
650
이수페타시스,"4,505",19.12,60,1.33,-2.62
70
70
100
대구백화점,"7,570",19.12,100,1.32,-3.89
150
200
250
오뚜기,"568,000",19.12,"7,500",1.32,26.27
"7,500"
"7,000"
"6,800"
삼아알미늄,"8,350",19.12,110,1.32,24.43
100
55
75
유유제약,"16,000",19.12,210,1.31,32.18
200
190
180
코스맥스비티아이,"19,250",19.12,250,1.30,598.87
140
100
200
디아이,"3,855",19.12,50,1.30,221.43
50
100
50
유니온,"7,730",19.12,100,1.29,-9.25
100
200
70
대성홀딩스,"19,350",19.12,250,1.29,29.88
250
250
250
롯데제과,"101,500",19.12,"1,300",1.28,21.90
"1,300"
280
-
유니퀘스트,"11,750",19.12,150,1.28,15.71
100
100
80
농심,"314,000",19.12,"4,000",1.27,32.58
"4,000"
"4,000"
"4,000"
대한제분,"158,000",19.12,"2,000",1.27,19.36
"2,500"
"2,000"
"2,000"
NICE,"18,200",19.12,230,1.26,29.83
180
130
130
성신양회우,"15,900",19.12,200,1.26,21.59
200
0
0
한국카본,"9,540",19.12,120,1.26,27.81
100
100
130
경인전자,"19,950",19.12,250,1.25,136.84
250
250
250
대원제약,"20,300",19.12,253,1.24,18.45
245
234
227
동양우,"7,290",19.12,90,1.24,"-2,094.47"
100
100
100
자이에스앤디,"8,100",19.12,100,1.24,21.54
0
0
270
화승알앤에이,"2,045",19.12,25,1.22,6.65
25
25
50
종근당홀딩스,"106,500",19.12,"1,300",1.22,14.46
"1,300"
900
"1,400"
SKC,"83,000",19.12,"1,000",1.21,59.32
"1,000"
900
750
혜인,"5,010",19.12,60,1.20,14.57
30
30
40
신대양제지,"52,400",19.12,625,1.19,4.51
750
375
0
SK하이닉스,"84,000",19.12,"1,000",1.19,33.97
"1,500"
"1,000"
600
신일전자,"1,685",19.12,20,1.19,32.78
25
20
15
LG하우시스우,"25,300",19.12,300,1.19,22.02
300
"1,850"
"1,850"
경방,"10,550",19.12,125,1.18,7.57
125
180
180
사조오양,"8,460",19.12,100,1.18,7.13
50
120
100
현대미포조선,"29,700",19.12,350,1.18,26.21
700
0
0
코오롱글로벌우,"34,600",19.12,400,1.16,18.23
150
200
350
송원산업,"13,000",19.12,150,1.15,10.36
160
140
140
현대오토에버,"61,900",19.12,710,1.15,26.66
690
690
690
모나미,"6,110",19.12,70,1.15,-76.03
70
70
70
엔에스쇼핑,"13,150",19.12,150,1.14,-65.03
150
200
200
동양2우B,"13,350",19.12,150,1.12,"-2,094.47"
150
150
150
계양전기,"3,115",19.12,35,1.12,926.59
60
55
65
F&F,"89,100",19.12,"1,000",1.12,13.92
650
650
350
한샘,"107,000",19.12,"1,200",1.12,49.52
"1,200"
"1,200"
"1,100"
영풍제지,"3,570",19.12,40,1.12,7.74
40
40
45
한진,"43,050",19.12,476,1.11,-191.61
476
381
381
크라운해태홀딩스,"9,090",19.12,100,1.10,-7.32
100
100
200
SK디스커버리,"63,900",19.12,700,1.10,7.95
600
750
350
동일산업,"69,000",19.12,750,1.09,43.31
"1,500"
"1,700"
"1,200"
동아에스티,"92,700",19.12,"1,000",1.08,11.90
"1,000"
500
500
한국내화,"3,270",19.12,35,1.07,18.23
35
25
25
태영건설우,"14,500",19.12,155,1.07,11.70
130
95
0
사조대림,"14,050",19.12,150,1.07,1.34
150
150
100
인지컨트롤스,"9,420",19.12,100,1.06,-17.56
100
150
100
드림텍,"15,100",19.12,160,1.06,40.13
0
0
0
동일고무벨트,"9,280",19.12,98,1.05,16.13
86
74
72
케이씨,"23,850",19.12,250,1.05,6.17
220
180
150
일동홀딩스,"9,110",19.12,95,1.05,-4.79
182
182
136
팜스코,"4,800",19.12,50,1.04,-21.15
50
100
100
세이브존I&C,"2,880",19.12,30,1.04,5.09
50
50
30
SBS,"14,550",19.12,150,1.03,13.47
0
250
0
한솔케미칼,"149,500",19.12,"1,500",1.00,19.24
"1,200"
"1,000"
"1,000"
모나리자,"5,140",19.12,50,0.97,75.20
50
100
75
동원산업,"209,000",19.12,"2,000",0.96,16.41
"3,000"
"4,000"
"3,000"
한미반도체,"10,450",19.12,100,0.96,26.08
250
240
200
한신기계,"1,580",19.12,15,0.95,29.52
35
65
65
현대리바트,"15,900",19.12,150,0.94,15.50
290
100
80
경보제약,"10,600",19.12,100,0.94,45.23
200
250
200
신세계,"212,500",19.12,"2,000",0.94,3.74
"2,000"
"1,250"
"1,250"
CS홀딩스,"53,200",19.12,500,0.94,5.93
500
500
500
JW중외제약,"33,600",19.12,316,0.94,-27.51
310
257
229
BYC우,"123,000",19.12,"1,150",0.94,3.34
"1,050"
900
850
DB하이텍,"37,500",19.12,350,0.93,14.53
250
250
0
일성신약,"81,100",19.12,750,0.93,17.12
750
750
750
선도전기,"2,710",19.12,25,0.92,-20.85
20
20
20
대동공업,"6,510",19.12,60,0.92,39.99
50
60
40
대창,"1,085",19.12,10,0.92,15.21
30
25
0
삼성공조,"6,540",19.12,60,0.92,10.12
80
100
90
DSR제강,"4,395",19.12,40,0.91,8.52
40
40
40
CJ제일제당,"395,000",19.12,"3,500",0.89,36.81
"3,500"
"3,000"
"2,500"
남성,"2,825",19.12,25,0.88,-19.32
25
25
25
케이씨텍,"22,800",19.12,200,0.88,10.76
270
180
-
고려산업,"3,480",19.12,30,0.86,16.53
30
35
30
한독,"31,900",19.12,275,0.86,10.84
450
265
125
한창제지,"2,320",19.12,20,0.86,16.18
20
20
0
TCC스틸,"3,500",19.12,29,0.83,12.68
78
0
0
광동제약,"9,720",19.12,80,0.82,13.73
80
80
80
LG전자,"91,700",19.12,750,0.82,434.42
750
400
400
DSR,"6,110",19.12,50,0.82,9.15
50
50
50
삼양식품,"99,500",19.12,800,0.80,10.12
400
250
150
광명전기,"1,870",19.12,15,0.80,8.11
0
0
0
동아쏘시오홀딩스,"125,000",19.12,"1,000",0.80,31.06
"1,000"
"1,000"
"1,000"
삼성전기,"139,000",19.12,"1,100",0.79,16.19
"1,000"
750
500
코스맥스,"116,000",19.12,900,0.78,28.41
600
300
"1,000"
크라운해태홀딩스우,"13,550",19.12,105,0.77,-7.32
105
105
205
LG생활건강,"1,448,000",19.12,"11,000",0.76,23.70
"9,250"
"9,000"
"7,500"
현대약품,"5,990",19.11,45,0.75,104.86
45
49
46
남해화학,"8,200",19.12,60,0.73,17.94
50
80
45
한국콜마홀딩스,"26,800",19.12,195,0.73,9.40
195
185
155
S-Oil우,"31,000",19.12,225,0.73,35.73
775
"5,925"
"6,225"
남양유업우,"145,000",19.12,"1,050",0.72,2.92
"1,050"
"1,050"
"1,050"
신세계인터내셔날,"152,000",19.12,"1,100",0.72,10.62
850
600
600
미원홀딩스,"55,500",19.12,400,0.72,6.07
400
0
550
한국콜마,"46,200",19.12,330,0.71,25.99
330
300
250
서흥,"56,600",19.12,400,0.71,14.02
350
300
330
경인양행,"7,130",19.12,50,0.70,14.56
50
50
50
미원상사,"96,300",19.12,654,0.68,10.64
770
0
0
부광약품,"28,450",19.12,191,0.67,-164.46
147
134
280
엔씨소프트,"806,000",19.12,"5,220",0.65,30.03
"6,050"
"7,280"
"3,820"
서연,"7,740",19.12,50,0.65,-1.81
50
100
150
보령제약,"15,500",19.12,100,0.64,13.05
60
160
38
삼일제약,"23,300",19.12,150,0.64,116.87
100
144
144
LG화학우,"320,500",19.12,"2,050",0.64,49.02
"6,050"
"6,050"
"5,050"
호텔신라우,"63,000",19.12,400,0.63,7.83
400
400
400
유한양행우,"64,900",19.12,410,0.63,59.44
410
410
410
유유제약2우B,"35,450",19.12,220,0.62,32.18
210
200
190
대원화성,"1,615",19.12,10,0.62,9.59
0
0
0
아모레G,"48,900",19.12,300,0.61,22.98
310
360
460
하이스틸,"16,350",19.12,100,0.61,633.89
0
350
150
아모레퍼시픽,"164,000",19.12,"1,000",0.61,28.71
"1,180"
"1,280"
"1,580"
풀무원,"16,750",19.12,102,0.61,108.79
102
115
102
휠라홀딩스,"36,650",19.12,219,0.60,4.99
50
50
50
유한양행,"64,200",19.12,382,0.60,59.44
365
349
334
수산중공업,"1,680",19.12,10,0.60,353.95
0
0
10
대웅제약,"105,000",19.12,600,0.57,28.14
600
600
600
JW중외제약우,"61,000",19.12,348,0.57,-27.51
347
297
271
경동나비엔,"52,700",19.12,300,0.57,13.60
250
200
150
한진칼우,"49,300",19.12,280,0.57,-6.27
325
150
0
금강공업우,"16,050",19.12,90,0.56,-20.11
110
110
110
일진다이아,"54,100",19.12,300,0.56,37.56
241
241
96
동화약품,"21,850",19.12,120,0.55,35.24
120
150
110
세종공업,"9,180",19.12,50,0.55,19.48
50
100
200
삼화전기,"18,400",19.12,100,0.54,21.76
100
70
50
화승인더,"8,310",19.12,45,0.54,4.12
40
25
25
동남합성,"36,950",19.09,200,0.54,4.06
"1,240"
73
73
삼성출판사,"18,900",19.12,100,0.53,20.53
100
150
110
선진,"9,470",19.12,50,0.53,5.56
50
0
46
동양3우B,"28,600",19.12,150,0.52,"-2,094.47"
150
150
150
한화솔루션,"38,450",19.12,200,0.52,-13.71
200
350
350
종근당,"166,000",19.12,857,0.52,17.22
817
778
778
사조산업,"29,100",19.12,150,0.51,-5.80
250
200
150
신화실업,"19,750",19.12,100,0.51,12.61
100
100
250
대한화섬,"81,000",19.12,410,0.51,2.05
750
825
0
디피씨,"15,950",19.12,80,0.50,27.91
70
70
70
시디즈,"60,300",19.12,300,0.50,6.45
300
0
0
태양금속,"1,010",19.12,5,0.50,-0.97
5
5
20
우성사료,"3,060",19.12,15,0.49,3.24
0
25
25
KC코트렐,"6,120",19.12,30,0.49,20.20
80
100
40
BYC,"225,500",19.12,"1,100",0.49,3.34
"1,000"
850
800
포스코케미칼,"83,800",19.12,400,0.48,24.14
400
350
300
계양전기우,"8,450",19.12,40,0.47,926.59
65
60
70
덕성,"4,240",19.12,20,0.47,171.27
20
20
45
더블유게임즈,"74,500",19.12,350,0.47,5.35
350
350
650
씨에스윈드,"99,100",19.12,460,0.46,22.33
400
350
200
호텔신라,"76,100",19.12,350,0.46,7.83
350
350
350
오리온,"131,000",19.12,600,0.46,11.00
600
600
-
삼화콘덴서,"54,800",19.12,250,0.46,8.65
300
150
50
유나이티드제약,"72,500",19.12,330,0.46,15.83
330
300
250
녹십자,"221,500",19.12,"1,000",0.45,-313.76
"1,000"
"1,250"
"1,250"
더존비즈온,"104,500",19.12,470,0.45,30.32
450
400
290
샘표식품,"44,450",19.12,200,0.45,3.41
200
200
200
LG하우시스,"56,500",19.12,250,0.44,22.02
250
"1,800"
"1,800"
동일제강,"2,365",19.12,10,0.42,13.43
0
10
20
샘표,"47,750",19.12,200,0.42,3.68
200
200
200
삼성SDI우,"252,000",19.12,"1,050",0.42,18.78
"1,050"
"1,050"
"1,050"
종근당바이오,"45,750",19.12,191,0.42,8.36
191
381
381
지엠비코리아,"7,290",19.12,30,0.41,20.92
30
100
150
JW중외제약2우B,"82,400",19.12,323,0.39,-27.51
322
272
247
남양유업,"257,500",19.12,"1,000",0.39,2.92
"1,000"
"1,000"
"1,000"
S-Oil,"51,600",19.12,200,0.39,35.73
750
"5,900"
"6,200"
삼일씨엔에스,"10,100",19.12,38,0.38,18.03
0
70
600
한진칼,"68,600",19.12,255,0.37,-6.27
300
125
0
한화솔루션우,"68,200",19.12,250,0.37,-13.71
250
400
400
잇츠한불,"27,250",19.12,100,0.37,-37.33
150
600
701
제일파마홀딩스,"20,300",19.12,70,0.34,-1.19
70
60
70
현대건설우,"194,500",19.12,650,0.33,16.41
550
550
550
한미사이언스,"58,800",19.12,196,0.33,41.26
192
189
0
대웅,"30,800",19.12,100,0.32,6.92
100
100
100
화승엔터프라이즈,"14,000",19.12,45,0.32,4.36
35
18
18
세원정공,"8,090",20.06,25,0.31,3.29
25
100
100
LG화학,"654,000",19.12,"2,000",0.31,49.02
"6,000"
"6,000"
"5,000"
SK케미칼우,"166,500",19.12,500,0.30,56.68
450
0
-
덕성우,"8,600",19.12,25,0.29,171.27
25
25
50
서원,"3,475",19.12,10,0.29,14.96
15
0
10
SK증권우,"5,260",19.12,15,0.28,14.96
15
0
0
DB하이텍1우,"142,000",19.12,400,0.28,14.53
300
300
0
태양금속우,"3,560",19.12,10,0.28,-0.97
10
10
25
한국화장품제조,"39,800",19.12,100,0.25,-24.36
100
100
100
세진중공업,"8,190",19.12,20,0.24,32.36
20
30
100
태광산업,"652,000",19.12,"1,550",0.24,0.96
"3,000"
"1,925"
"1,750"
녹십자홀딩스2우,"138,000",19.12,325,0.24,498.97
250
300
300
삼성SDI,"433,500",19.12,"1,000",0.23,18.78
"1,000"
"1,000"
"1,000"
현대비앤지스틸우,"70,200",19.12,150,0.21,7.00
150
150
150
보락,"2,355",19.12,5,0.21,46.18
5
7
14
부산산업,"122,000",19.12,250,0.20,6.79
250
250
250
LG이노텍,"155,000",19.12,300,0.19,6.94
300
250
250
한미약품,"273,500",19.12,490,0.18,11.07
481
471
0
제일약품,"43,350",19.12,70,0.16,-9.67
60
50
-
후성,"9,400",19.12,15,0.16,17.15
0
0
0
일양약품,"79,200",19.12,120,0.15,22.53
0
0
100
SK케미칼,"296,500",19.12,450,0.15,56.68
400
0
-
일양약품우,"106,500",19.12,145,0.14,22.53
0
0
125
NAVER,"296,500",19.12,376,0.13,9.38
314
289
226
일진머티리얼즈,"45,150",19.12,50,0.11,4.92
0
650
48
SK네트웍스우,"137,000",19.12,145,0.11,-21.96
145
145
125
성문전자우,"13,150",19.12,5,0.04,-0.16
5
5
5
카카오,"364,500",19.12,127,0.04,-3.46
127
148
148
일동제약,"16,850",19.12,0,0.00,0.00
363
330
225
